{
  "project_info": {
    "project_number": "612089787646",
    "firebase_url": "https://timmer-8317e.firebaseio.com",
    "project_id": "timmer-8317e",
    "storage_bucket": "timmer-8317e.appspot.com"
  },
  "client": [
    {
      "client_info": {
        "mobilesdk_app_id": "1:612089787646:android:6415a5d2f5e4791b62e1af",
        "android_client_info": {
          "package_name": "com.example.githubapi"
        }
      },
      "oauth_client": [
        {
          "client_id": "612089787646-er8ccu4n9cd9m1o08fjursr493jmpjth.apps.googleusercontent.com",
          "client_type": 1,
          "android_info": {
            "package_name": "com.example.githubapi",
            "certificate_hash": "627065be4535dc3de282eb5272a0c1a743f361aa"
          }
        },
        {
          "client_id": "612089787646-b521f0btn9bdte0f9lnsq3ld0qdh70t5.apps.googleusercontent.com",
          "client_type": 1,
          "android_info": {
            "package_name": "com.example.githubapi",
            "certificate_hash": "bc0bd721c1d4037fa57fe8ce899bd55250fa6440"
          }
        },
        {
          "client_id": "612089787646-8rp0b2pb2kqojrfrtk86v71rq6kt0770.apps.googleusercontent.com",
          "client_type": 3
        }
      ],
      "api_key": [
        {
          "current_key": "AIzaSyCeP34ffIm64x0RQXI4ljSh6bjV11iWB3g"
        }
      ],
      "services": {
        "appinvite_service": {
          "other_platform_oauth_client": [
            {
              "client_id": "612089787646-8rp0b2pb2kqojrfrtk86v71rq6kt0770.apps.googleusercontent.com",
              "client_type": 3
            }
          ]
        }
      }
    }
  ],
  "configuration_version": "1"
}